"store_type","total_revenue"
"Local",156523.01000000047
"Super Store",43536.780000000006
"Mall Kiosk",22305.279999999988
"Outlet",16346.609999999986
