"store_type","total_sales","total_orders","percentage_of_total_sales"
"Local",4200344.269999866,"78319",65.01947512673422
"Mall Kiosk",705645.8999999899,"13128",10.923087036228292
"Outlet",508029.4100000015,"9201",7.8640710055763146
"Super Store",1045045.1899999839,"19263",16.176838223196253
"Web Portal",1067.7700000000002,"43",0.016528608250503053
