"month","sum"
"8",66036.31999999995
"10",65003.31999999998
"7",64503.25
"12",63532.190000000024
"9",62941.22000000008
"1",59054.27000000014
"6",58902.49000000006
"5",58131.16000000002
"11",56020.56000000007
"3",55564.449999999975
"4",51306.50000000004
"2",48212.82999999999
